,A,B,C,D
2000-01-01,1.3683267559365415,-0.026253239759306518,-0.7111753757383328,2.1189606316178553
2000-01-02,2.8721626473646245,-1.3861131484520108,-1.2569678620582638,2.7748787668063106
2000-01-03,1.4340267615369402,1.2417642944138911,-0.04324177799416429,0.7047691998770653
2000-01-04,-0.09884324032732383,2.5647451744815806,-1.4473148001557725,1.0823698060575682
2000-01-05,-0.04935993105318529,4.015705148898988,-4.70575038679107,0.6386256905270487
2000-01-06,1.881141248310583,5.173386482451063,-4.945377919984586,-0.0457740434184416
2000-01-07,1.2346419685317636,5.724266664168496,-5.896906162637032,-0.5841956779369557
2000-01-08,-0.16051225499066812,6.355023711552548,-4.342584523089311,-1.777594763481249
2000-01-09,-1.4799582806706666,5.415195119691923,-5.317244988482993,-2.2974322228182573
2000-01-10,-1.0163291500084393,5.464740125819766,-5.454884328258486,-1.9357228792948389
2000-01-11,0.08379033511741141,5.577899528616561,-4.1554978866164145,-3.9559942039620726
2000-01-12,0.17995073019465646,6.2777251164033805,-7.018526827088812,-4.576505322015713
2000-01-13,-0.55777234564211,8.144389349155151,-8.508604836318725,-4.492796693796651
2000-01-14,-0.2698286151689168,8.232367440290304,-8.311653614478889,-3.9964632265521143
2000-01-15,-1.5376253026675533,8.56505844031049,-8.558506513798442,-4.248791052142968
2000-01-16,-2.63249362316059,8.771320996866256,-9.060547145596237,-3.4726847744317006
2000-01-17,-2.4216675597251873,10.785951449662424,-9.182966202276377,-2.4279016250150036
2000-01-18,-2.1795388442675434,9.700394937765239,-10.3594751830766,-2.887009256734285
2000-01-19,-2.297580922850703,8.761516081220865,-12.124104479056735,-4.285163261526447
2000-01-20,-3.08283981242343,8.564058897698006,-13.795154530176948,-3.0355544735995252
2000-01-21,-2.8725835150017693,8.19893297869195,-13.822829920588312,-2.978444809039777
2000-01-22,-2.2373920933946114,7.954631228132075,-12.024781837726387,-4.4919050755866685
2000-01-23,-3.3089140184644217,7.495293892543372,-11.689976196986708,-3.941320755486311
2000-01-24,-4.502972693548906,7.640400610714365,-13.462314583747567,-1.467832931748534
2000-01-25,-4.190077982086101,8.520945181658162,-14.327709610088121,-1.9198455814475672
2000-01-26,-5.193923098338853,8.302252525710708,-12.657233329909422,-1.427127085102105
2000-01-27,-4.474265423937387,9.114244348622513,-12.759311198377564,-1.3209762850481233
2000-01-28,-3.487304912702847,7.523284387404358,-13.708497940853672,-0.44708920202076186
2000-01-29,-4.394777383805605,6.846609004193176,-14.853205784226027,-1.3856907617405225
2000-01-30,-4.284690401339172,6.6744889146484905,-15.08241783123474,-2.3334962626391436
2000-01-31,-4.09061961308984,7.260877022383282,-15.181670028664568,-1.5139103726885987
2000-02-01,-4.566209288569624,5.787785459690342,-16.07772826612037,-1.843671659558355
2000-02-02,-5.401309979649492,6.092136115071874,-16.79271086371617,-0.36632747849233116
2000-02-03,-6.191457523529677,4.465171932898785,-16.94807177151705,0.5918131447522588
2000-02-04,-6.3435090945312185,3.9225428965278164,-17.002419663396903,0.8232681172802789
2000-02-05,-5.814351296606679,3.861512035856618,-18.255819803646702,1.2805689124850677
2000-02-06,-6.213534398764882,5.252879321786001,-16.73275237456795,0.01604936394192169
2000-02-07,-5.114889202014959,6.7239601218061,-16.446554723536945,-0.8309104414865538
2000-02-08,-4.019331342604463,7.808250595335622,-14.920156026011773,-1.3566496663028633
2000-02-09,-3.388984186820361,6.379378453535094,-14.79745519381155,-0.8411400501819186
2000-02-10,-3.618924929640037,7.648628790118117,-13.391263445242492,0.06638500830189686
2000-02-11,-4.05455792079416,8.56728607046247,-12.426094905504915,0.015213231839525686
2000-02-12,-2.9477114904072668,10.100879579386133,-13.355930981724828,1.3289718215651205
2000-02-13,-2.180601315141999,10.700465617475574,-11.43188732052299,2.0417382327639455
2000-02-14,-0.7898914847979337,11.068787847570842,-13.457081265948906,2.7661872385155992
2000-02-15,0.08811245815351887,10.505931705829461,-13.836169479263114,2.9941720624134067
2000-02-16,-2.261199063237027,8.310700002466529,-15.304998776447981,1.5480510914763412
2000-02-17,-2.6458873438113124,8.59491295119563,-14.04910514909987,1.6631308462099128
2000-02-18,-2.2518856251371226,8.13639040297864,-14.949152071849456,0.6641025548611772
2000-02-19,-1.1422028942152544,8.281988417291894,-14.656646917138325,2.1268331122672848
2000-02-20,-0.19314713786263382,9.140955892304467,-14.221964934681518,2.0574214063571654
2000-02-21,-0.27377268336529653,10.252246615219237,-14.132250022540497,1.1649099207116542
2000-02-22,-1.2317902739153814,10.593264106001467,-14.349960822167823,2.4396487903410797
2000-02-23,-2.2912790151678735,9.546823378213098,-15.331550206406071,0.4948430013086509
2000-02-24,-2.9155649162315904,9.512476143889774,-15.330817373694643,-2.382172882711092
2000-02-25,-3.6788074966669435,9.100057169506332,-14.881320360875426,-3.6511403771230375
2000-02-26,-2.392242041434196,8.9994552563797,-14.362333597759473,-3.9389197537437206
2000-02-27,-2.5613828765440063,8.982784443830429,-14.476277925739192,-4.267768476559656
2000-02-28,-1.687521249604134,9.142411783425015,-14.54318183075396,-4.540803818666825
2000-02-29,-2.859418311728951,8.030289674105099,-13.484251968148282,-3.5540912990615072
2000-03-01,-1.1302956094075378,9.661801732964804,-12.935131554400797,-4.143758387726469
2000-03-02,0.5197511793417413,9.785036352100361,-13.330078515463457,-4.27655360722978
2000-03-03,0.7988342529031248,11.921383890463304,-14.091911819776685,-4.896979030330818
2000-03-04,-1.2834751667708542,12.11372850896277,-14.983342936952846,-6.439363527835365
2000-03-05,-2.43256876239794,12.04758382252727,-14.535436000971796,-6.50005213436096
2000-03-06,-3.4503022389092335,10.912620791475783,-14.760179281356194,-7.450556860344671
2000-03-07,-3.8475426863294855,11.79515846512964,-15.334508587186745,-9.104291209732425
2000-03-08,-3.5231178217022636,10.16850024602693,-16.278385864074753,-8.72942494196896
2000-03-09,-4.110182025303358,10.78267326143696,-16.694737807435818,-8.519686568822692
2000-03-10,-4.341094050106118,12.961439204387915,-16.62682037465073,-8.322392440511074
2000-03-11,-5.141334851460274,14.003110214323513,-17.62082940474131,-6.532703549455261
2000-03-12,-5.875571820406104,12.759446730654515,-18.175905866966165,-6.679802612299136
2000-03-13,-5.872380455688505,12.043199639902952,-17.089387047613496,-7.2272110317982
2000-03-14,-6.618487125616851,11.684984994539514,-16.88881909218152,-6.852152623649272
2000-03-15,-6.617447227491191,11.132433591518557,-15.12468595961784,-7.24606882919553
2000-03-16,-6.54642279511307,12.295609270482174,-15.427316893742292,-7.430675574138685
2000-03-17,-5.830754788618613,13.226488925290184,-15.004670747487667,-7.885150114726096
2000-03-18,-5.59249506209101,11.66911812279695,-16.164708138030747,-5.952212125625963
2000-03-19,-5.317237458589227,10.226524702991997,-16.005970248683877,-5.995385428152449
2000-03-20,-5.404700464603654,12.2077583153632,-16.01515831069424,-6.268963203452571
2000-03-21,-7.024186540285816,14.334451222313408,-16.758669240766835,-7.359659249700982
2000-03-22,-7.396823093822404,15.806850335194477,-14.931933291817275,-8.312658568868066
2000-03-23,-6.806547491293678,16.80920368512817,-14.182918747644807,-8.138970425923263
2000-03-24,-5.991762384430849,15.012361759467167,-16.559255487386853,-7.481768781039337
2000-03-25,-6.50307874456642,17.488566250923146,-18.396383427730832,-7.503480894370594
2000-03-26,-6.512128539562489,16.95950903899368,-18.002906744096244,-6.776008634902617
2000-03-27,-7.3352999020402585,17.535441675044197,-17.79420801219383,-6.535774289616514
2000-03-28,-7.1614246592336555,18.68863935949244,-18.615558639178587,-5.276671305225612
2000-03-29,-8.407254616461096,19.486722238223358,-16.28352155042204,-5.487150649079509
2000-03-30,-8.323067552860232,21.929136423789267,-16.168274213561485,-5.382672016564631
2000-03-31,-9.0085193819761,22.651447762489987,-16.93319719467161,-3.6776194852708057
2000-04-01,-9.368801350073197,23.59566291828601,-17.096199840279706,-3.8277181277253076
2000-04-02,-8.130766993407777,24.927919976141617,-15.024176052684425,-3.6620286184728914
2000-04-03,-7.192031508964936,26.51505529937123,-16.9887573753782,-4.410303449712936
2000-04-04,-8.059153458974857,25.233430294231432,-14.969096238059072,-4.411902463082804
2000-04-05,-6.556346761968602,25.112232459857548,-15.847462842480788,-4.935485004255859
2000-04-06,-4.4938900361842355,26.268565668016553,-15.827969479399963,-6.147217708003105
2000-04-07,-5.628504579232656,25.98774246422998,-15.008198439813562,-5.589409421468099
2000-04-08,-5.663698727549738,25.44694480785193,-17.146188322399926,-6.867999371650885
2000-04-09,-5.726222678754072,25.37023203676956,-17.847264689974963,-5.982231738510313
2000-04-10,-5.810025004141275,24.62249711602283,-18.3288461325956,-6.873221527178932
2000-04-11,-7.5476725925692065,24.328127180332267,-18.993286518724467,-8.287874410595098
2000-04-12,-7.294115226396819,23.710190631848278,-18.35040258472855,-7.345321587021848
2000-04-13,-5.508028619548428,24.259685205491465,-17.883193874810196,-7.8020739794286085
2000-04-14,-5.510268230994753,23.56120229971765,-16.7449013020763,-7.6224137118097905
2000-04-15,-4.79219111697346,21.8428665569083,-17.60862661735887,-7.799831458252895
2000-04-16,-4.028335386186616,19.397672010603802,-17.47718831511525,-8.63477968972052
2000-04-17,-4.061161227956422,18.431744771044873,-15.913477723366706,-8.107668717643445
2000-04-18,-4.485934217565198,16.29956546323289,-15.49067871225752,-8.024734059619199
2000-04-19,-4.225219833548211,15.291003583220474,-17.127329981262672,-6.185466094179596
2000-04-20,-4.776294813675465,14.595117675395063,-18.479603949626323,-6.457822023905483
2000-04-21,-5.33898863517755,14.303189181920262,-18.753847003541804,-7.35933332171008
2000-04-22,-5.607285981493343,14.52340222258532,-16.756785675335006,-8.976780131738984
2000-04-23,-5.795601038445515,14.976097139346589,-17.40115723636721,-9.476965042534099
2000-04-24,-7.168092404557324,16.29793575760453,-17.570578518327007,-10.99175217084927
2000-04-25,-6.2572077616465664,17.09760768187034,-13.969707415161636,-10.823175641925005
2000-04-26,-7.580855382049216,16.70998205291044,-13.735404148283944,-12.290803266147007
2000-04-27,-9.035895071942479,15.186453307897056,-13.78167948411047,-13.713435599543082
2000-04-28,-8.270861527797804,13.51897077337979,-13.121695354133118,-14.759007579078576
2000-04-29,-9.157907555237868,14.454062396617243,-12.21232402360383,-14.129249526827083
2000-04-30,-7.753761110805147,14.662414826648813,-13.268056198607765,-15.331084437041282
2000-05-01,-7.814432527673223,13.097167880324058,-12.902971565421264,-14.974231004876286
2000-05-02,-9.200134834929019,13.368095192966978,-13.847871304838232,-14.912030992270834
2000-05-03,-9.034022069625818,13.633958584992087,-12.951079818533652,-14.79875762157728
2000-05-04,-9.411785957760912,13.146678394231948,-12.292972916511474,-14.455979844021781
2000-05-05,-8.586325895050635,13.34544948343249,-11.504530199185393,-15.087008111518678
2000-05-06,-8.555975625330351,13.167651714248768,-9.427675923389646,-14.628284728181576
2000-05-07,-9.079839567883376,14.485140752593816,-6.466184877804423,-13.942133822838391
2000-05-08,-9.077932185670461,15.899917410600972,-7.078143269299584,-11.663620008738926
2000-05-09,-7.858601929662791,15.96895191074505,-8.256373103453704,-10.463720995565408
2000-05-10,-8.047856735683903,16.55644642862774,-7.571738573705364,-11.238805764381151
2000-05-11,-6.705400577021917,17.577361090264333,-9.515867890180782,-11.11381658485614
2000-05-12,-8.289183049868775,17.93612525112412,-9.897579523312839,-12.072174829883554
2000-05-13,-9.259434109849122,18.58932075875172,-11.101120609644257,-12.26393606089756
2000-05-14,-9.50019499440033,18.09674664752051,-10.607956665323579,-11.127962710373469
2000-05-15,-8.715664264959521,19.802182808955273,-11.66253543681799,-11.103032302337915
2000-05-16,-7.79864916624771,17.44278964551153,-12.400727133296533,-11.997543167469026
2000-05-17,-6.524153864514698,14.841255906565875,-11.775653968210303,-12.567354458941042
2000-05-18,-5.785007525438234,15.333595313002096,-11.371072363092125,-11.609711461631482
2000-05-19,-6.0825231602697825,16.160450474622124,-11.968566766987474,-11.683666171098235
2000-05-20,-5.320002994437174,16.103117995066558,-13.680931934514156,-11.003690292547004
2000-05-21,-7.661016432027008,14.93813303299235,-14.113681277374607,-10.075775347986426
2000-05-22,-7.263931472897557,15.342912223710945,-14.231419864380895,-8.32664434190318
2000-05-23,-7.913391840393937,14.799466197462868,-13.842535242526248,-10.117077675103996
2000-05-24,-7.152120226112964,14.673496589792109,-14.689014691098384,-10.578777072682826
2000-05-25,-7.871506657892001,16.784474137375568,-14.979973121091062,-12.582933053801678
2000-05-26,-8.104223989256477,17.472997661410318,-15.871721166722576,-10.884801059262436
2000-05-27,-8.324334662686514,18.36538783011206,-14.854264593658021,-11.554496011469691
2000-05-28,-8.15473536974568,18.058134509610255,-15.397858750903334,-10.520004916461794
2000-05-29,-7.602595601662635,18.377736223797957,-16.074057528050467,-8.681141020122535
2000-05-30,-6.5214569352470715,18.086867149566938,-17.312218644226483,-8.385498905780397
2000-05-31,-6.410835790253379,18.86296115473294,-17.742367992489424,-10.073575131829326
2000-06-01,-8.392567074599677,19.82933416560954,-19.21977352583353,-8.307189678369815
2000-06-02,-9.862792438847222,20.679119932264506,-18.588213107061087,-7.986618531108376
2000-06-03,-9.289168995076107,20.382032713990625,-16.75308198709765,-8.54182564827444
2000-06-04,-9.212412467189598,19.988795891438944,-18.581509793515615,-9.28653250343352
2000-06-05,-7.926271198199931,19.918921229154147,-18.319445832859486,-8.793696549266853
2000-06-06,-8.13829966847208,20.40863551778014,-19.339904412225184,-8.694604508398982
2000-06-07,-9.172072268809002,18.32958937433619,-18.957287424694776,-11.733709833132787
2000-06-08,-9.731865589487917,18.88914337634208,-16.773206609647765,-12.183762272044945
2000-06-09,-7.27305613484916,20.43958997792777,-14.841311996519384,-10.997665896708355
2000-06-10,-9.551216826764097,20.02941439709826,-14.926615047191353,-10.559086666374771
2000-06-11,-8.531921515722132,19.186421104773963,-16.6786781090301,-11.000799710319095
2000-06-12,-7.304527137114948,19.85722277710555,-17.789737249908793,-12.893351260617626
2000-06-13,-8.12930340383001,20.28208018080258,-17.0648840586891,-12.179975417933624
2000-06-14,-6.989191174783632,19.46646409072134,-16.395345583838285,-11.323684474734904
2000-06-15,-8.605431610768752,20.379963901731852,-16.673600743736134,-12.070110807746707
2000-06-16,-9.404315849706043,19.400468582060157,-16.262796143206533,-13.716599434331975
2000-06-17,-10.749381362319234,18.62802726744706,-16.369086095049727,-14.023297537059408
2000-06-18,-11.019854489577888,18.292049247911468,-17.242596938822334,-15.087464392158086
2000-06-19,-11.676226406253962,18.45041190337121,-16.485499152816548,-16.86753927256442
2000-06-20,-12.567548787125352,18.43757720237917,-15.545364620016557,-16.252243105659005
2000-06-21,-9.848445920856857,17.277011251786305,-15.57930957656016,-16.93432381231679
2000-06-22,-10.645534532565746,18.142348699949736,-15.107868095338997,-17.826070733030544
2000-06-23,-11.729171789067495,18.414476728693025,-15.43973675008277,-18.63915813549434
2000-06-24,-12.521547753265954,19.55948269184049,-16.13342704718283,-19.52435962034815
2000-06-25,-11.306879538387324,19.190694665618587,-16.55816885068995,-18.263839832468026
2000-06-26,-8.643382059115831,19.704409423701566,-16.5242803035849,-17.845558364665237
2000-06-27,-9.295594684960403,19.737831132992834,-17.897846210523408,-17.23819051627166
2000-06-28,-10.28890923300903,20.166238127300996,-17.871152514991923,-18.351864708380663
2000-06-29,-10.58366996469658,21.69009522875401,-18.004782676502213,-16.946081294472126
2000-06-30,-10.617075065929752,22.71999962884058,-17.430817846639655,-18.802448394171847
2000-07-01,-10.884808182725877,21.783308787171162,-17.516376856878768,-19.906012762180183
2000-07-02,-9.835004303802386,22.982452830149104,-16.830059248304888,-19.276648147135955
2000-07-03,-8.02320274759988,23.493654337463276,-17.05268300779459,-19.534807099830974
2000-07-04,-7.187789049873474,24.39390426830201,-17.44439507625774,-18.746952746878964
2000-07-05,-5.800499518491508,24.48938942776713,-18.64763336993849,-14.95664750946682
2000-07-06,-4.260459221101298,24.134481814470767,-19.00089298677827,-15.484176296640896
2000-07-07,-5.159301469537759,22.974464400635142,-20.640018957059226,-15.68510977657154
2000-07-08,-5.278714863433673,23.501347770891062,-20.41435142946953,-15.663570209767554
2000-07-09,-4.7636852648048365,23.502421033472043,-18.550733107024925,-15.71782549406226
2000-07-10,-5.286234871252604,23.60827706455048,-18.504463636098873,-16.209969199502787
2000-07-11,-5.619432023448015,24.633687136946108,-18.8925458600898,-14.989462709291963
2000-07-12,-5.045938714046252,22.981346954031757,-19.97535168687908,-16.436462539842875
2000-07-13,-4.857942519120394,22.543574830702116,-19.40735791968333,-18.243019128096094
2000-07-14,-5.773949447691885,21.346855746846607,-19.496100150917158,-17.617109879911286
2000-07-15,-6.874099702297016,20.37828685810139,-20.677525669451917,-18.193201180684596
2000-07-16,-7.078792221637387,20.385324482599977,-22.924825310003623,-18.166480075306442
2000-07-17,-7.310746712676779,20.12582328994397,-23.290759142450316,-18.75979399714339
2000-07-18,-7.396925986924901,21.36649173573404,-22.631400003479573,-21.192676684249097
2000-07-19,-5.317214085759471,21.537164637526804,-22.514001964747187,-20.69388322716049
2000-07-20,-4.712448912432389,20.170060443707662,-22.09915231810775,-21.189192605668136
2000-07-21,-6.007621177031149,19.910554258522765,-21.828599024635402,-23.09908087105024
2000-07-22,-4.919603823367066,18.00362183614958,-20.287827358650024,-23.399254102869776
2000-07-23,-6.8344571773506555,18.613699567605078,-22.27028835718412,-23.037465514714572
2000-07-24,-4.628826109061189,17.824251958453733,-23.02822421287389,-23.80052337333594
2000-07-25,-4.296270021272412,17.842102329963073,-21.03304741581291,-24.69359277656996
2000-07-26,-4.735597638350803,17.607376760524538,-20.69776355155656,-26.0822582070433
2000-07-27,-5.967738077220245,18.42116743975133,-20.578460966171292,-26.269333340934796
2000-07-28,-5.865401418092707,18.23632900581358,-18.820354665437836,-24.757861912385202
2000-07-29,-5.673148613630991,17.457038735387737,-19.08938370982038,-25.343995976591813
2000-07-30,-5.115599589886025,17.484059720651675,-20.755722439981064,-26.625289908663607
2000-07-31,-6.483119809293437,15.692229699831264,-20.26186972054674,-27.655962332636662
2000-08-01,-6.867340640457758,17.43419513702056,-19.460316568675374,-27.94181435958602
2000-08-02,-7.720822263129476,14.976708933523145,-20.275304053212395,-26.94303225685455
2000-08-03,-6.731119785102248,14.91780991498411,-21.802847909869673,-27.35144396600055
2000-08-04,-5.874429962629368,14.213656591760515,-20.398984343643647,-27.519918018147482
2000-08-05,-6.199094266155877,15.492510863301682,-20.88504647631308,-26.16996579777834
2000-08-06,-5.034160303436449,16.0393338515192,-20.790580015590166,-25.60824424030891
2000-08-07,-6.534390105463016,16.75373710227307,-19.411704331609275,-24.83640786900543
2000-08-08,-6.8518206838251,17.69703977986389,-21.95092456262741,-23.12380307932689
2000-08-09,-6.022559750478526,17.127463188364803,-21.69434629206817,-23.181611577538
2000-08-10,-4.231471170068179,14.919605470678567,-21.78082865766332,-23.27637241563302
2000-08-11,-4.850101040475101,15.39039797715053,-20.447668563727,-24.57526384188777
2000-08-12,-5.431871340394966,17.73044563683121,-21.771634306440674,-24.77093298585255
2000-08-13,-6.716922848999837,16.83603077371928,-22.123621429420698,-24.492007836244817
2000-08-14,-5.637977287264785,18.232576375062244,-22.138084177813216,-23.72857410589886
2000-08-15,-4.19160705134489,17.39451225052795,-24.00490835054741,-22.26511416907167
2000-08-16,-4.190161671897879,17.299482716904443,-24.8942809705156,-23.401886858486876
2000-08-17,-2.983831030215443,17.346761975263966,-24.974369463830126,-23.125791831512323
2000-08-18,-3.119082162748098,18.275583744947415,-23.468337979769647,-23.415518395058672
2000-08-19,-3.4833544087248582,18.470465987678057,-22.600243687800056,-22.506265891486354
2000-08-20,-1.5947026194014458,18.729646024982653,-22.16443287034113,-20.351028505409012
2000-08-21,-1.5699533846922693,18.857478094910103,-22.08655571017599,-19.249590560750296
2000-08-22,-3.238980809848364,18.87660089831866,-22.44407917506514,-19.975391430458366
2000-08-23,-2.0763181401841493,19.663553722801975,-21.53341994612404,-18.965158322802708
2000-08-24,-1.5925020499945686,19.120090645233763,-20.390497681813414,-20.03585638044225
2000-08-25,-0.34787343319162667,19.95577534474463,-21.09734284965188,-20.255218177890022
2000-08-26,-0.33096801961206024,18.84622602651528,-22.080735388747275,-19.97298985767158
2000-08-27,0.17507008944526337,17.932955689476604,-22.02063685907193,-20.460533375242047
2000-08-28,-0.24081481826462414,18.035929192183275,-20.7191176749659,-21.40990686838787
2000-08-29,-0.9273513932944356,16.589812757236654,-19.628664548953655,-22.318449931844846
2000-08-30,-2.010322279811327,18.306391279524032,-20.876748939780057,-22.684889898884954
2000-08-31,-2.80127556381885,17.847673544404813,-21.032533656973385,-22.108504457364067
2000-09-01,-4.162768375536677,17.459867431150535,-20.2175522098592,-22.671080578708207
2000-09-02,-5.7358670771303135,17.330063836348604,-19.87279919615722,-20.948330042000617
2000-09-03,-4.811465181682784,17.94381288541697,-20.7983845484697,-19.97874141664933
2000-09-04,-6.298506510033469,18.373954941426902,-20.59433597212726,-20.316825843983377
2000-09-05,-6.212749994467981,17.73073817852178,-20.602826149977655,-17.886768571022213
2000-09-06,-8.556991477484248,17.207251942395107,-19.26400352210072,-16.964981366856883
2000-09-07,-7.650371264420415,18.959896921210255,-18.762523257072896,-16.147914749399543
2000-09-08,-9.490188491871844,18.88468085918412,-17.387636699711152,-16.182812227641353
2000-09-09,-11.880350326282054,17.049376961941817,-18.655589869867473,-15.566190251693305
2000-09-10,-11.621180255369111,16.468257604299186,-18.333515641339773,-15.199934327002145
2000-09-11,-10.547432237550321,17.519198594777876,-17.909955002810133,-15.185761832726659
2000-09-12,-11.21964483559634,17.89086394416015,-17.14377468561114,-14.868734402164456
2000-09-13,-10.725499173667108,19.808159011727824,-17.582277590114646,-15.584890289340937
2000-09-14,-10.407237103580888,19.771147330347567,-18.33281061711673,-16.609304046824516
2000-09-15,-10.086639594823176,19.64650084952955,-19.552964650848427,-17.716798294307083
2000-09-16,-9.99958415096901,20.16908916994931,-19.344654115820997,-17.688867803684158
2000-09-17,-9.06340722021451,22.04071315929417,-19.609488421198616,-18.900216887150336
2000-09-18,-9.395888563524917,22.546848266471656,-20.350610651391648,-18.157452500201682
2000-09-19,-11.150344813001496,24.020922364208854,-20.248300542692295,-18.721592984766755
2000-09-20,-10.250530025095669,24.369344454317318,-19.84316328518602,-18.478278569387907
2000-09-21,-10.15219247551224,23.472470074358267,-20.569539356341945,-19.102255163695887
2000-09-22,-10.752904853178183,25.957264855327164,-21.217766147456587,-19.453453730908564
2000-09-23,-12.120593998869461,26.990169110051887,-20.845338585739608,-18.729115599617167
2000-09-24,-10.903834706408269,27.079110128984695,-21.901949538744553,-17.298999094268463
2000-09-25,-10.239744794432688,27.616434834429505,-22.64300068201688,-17.141285886781603
2000-09-26,-9.002834140760138,26.615945722395967,-24.54488507377962,-16.779689585670397
2000-09-27,-8.03699824122946,28.412796704382192,-23.699648295769524,-16.91317423830254
2000-09-28,-7.162114713126952,28.94365730067225,-25.158852283145933,-16.540308982726533
2000-09-29,-6.456199896947484,27.70985893191146,-25.144787389172773,-15.002082822776767
2000-09-30,-7.3152257698621925,26.601781320998818,-24.231196889314976,-16.289694627662186
2000-10-01,-7.763666353503794,26.299396121968652,-24.29335906373573,-15.40457011344278
2000-10-02,-8.248043285155074,23.964765736548443,-24.530596948431548,-16.724495623195548
2000-10-03,-7.713432341222452,25.021496450915212,-24.604575886893528,-16.239072049772336
2000-10-04,-6.730316003060754,24.31206605363937,-23.848507881931976,-17.301330945129155
2000-10-05,-7.238313467686829,23.863644275828094,-23.404769507610766,-16.625540076716483
2000-10-06,-8.102437751537893,24.47348116552276,-22.754331792076716,-16.42274667855771
2000-10-07,-7.696332957215006,24.555894226993807,-23.035622791202037,-17.681191988183393
2000-10-08,-5.748599483698666,25.695051461451687,-22.925333519447296,-18.620718044690907
2000-10-09,-8.45422183906041,26.07403172355129,-24.31287937117076,-16.574835029224502
2000-10-10,-6.664332715238756,25.36028652123808,-25.098048512228903,-16.172501879903844
2000-10-11,-5.4712790701019935,25.820570587907692,-25.588786858312112,-16.46254331475674
2000-10-12,-4.4521752965344366,26.161348982194244,-25.63374089538746,-15.975914564855207
2000-10-13,-4.059431394964508,26.912104432083602,-23.89334373821713,-16.163955491792027
2000-10-14,-3.9316963167847003,27.126927316300126,-24.42493912951911,-16.174497998320053
2000-10-15,-4.242200289546805,26.956812792179257,-23.773874479501348,-16.16899688408358
2000-10-16,-3.267093743411296,26.9065177711149,-21.85413519566049,-15.938176474409856
2000-10-17,-3.8165810802555757,26.94680492033799,-21.962768593513587,-16.226139282362276
2000-10-18,-2.544410212302724,27.217807266608585,-19.97275637084537,-16.2734045898737
2000-10-19,-3.9513865579834144,27.91528907252615,-19.470263885102693,-15.123369526589993
2000-10-20,-3.491293641092785,29.709735081047786,-19.460123069469713,-14.755303782869797
2000-10-21,-4.020796935421233,30.84248898148501,-21.090066486266103,-15.28958523820989
2000-10-22,-4.302050770829667,30.482887529280482,-21.368708873479665,-15.462469718478745
2000-10-23,-5.171481188370489,32.78393440132959,-20.83547477396872,-15.576178842826339
2000-10-24,-3.2450324850641628,33.03083313483121,-20.229882229839458,-14.3779615877417
2000-10-25,-4.43592294291891,34.464320754005655,-18.551037928844167,-14.987586530511756
2000-10-26,-2.789410660374903,36.15184764637951,-17.842889741489884,-13.757854573496358
2000-10-27,-1.404558241594103,36.356101736134455,-18.631470180933654,-14.663447256791953
2000-10-28,-1.889995930079155,35.39843711320648,-18.857726270188973,-13.509831433553618
2000-10-29,-2.243382032856095,34.72063963868927,-19.3596357001868,-12.60511351890753
2000-10-30,-0.7233046383596602,35.47330424005323,-18.2427203771906,-13.685818385117413
2000-10-31,-0.9171073964953117,33.35723897947524,-19.66195557653594,-14.146632813498787
2000-11-01,-1.908089194322259,33.67466164519212,-18.35989086457386,-15.582464682501735
2000-11-02,-0.032537058068797364,35.1780089801558,-18.00115129089075,-14.522323092662043
2000-11-03,0.2498910343981109,35.82076817665853,-18.29408351736485,-15.341689139278264
2000-11-04,-0.03849995238950732,34.76666188855496,-19.372700766203373,-15.655113754470849
2000-11-05,-1.7414265704218304,34.24409839155336,-18.24546016678662,-13.894361101371839
2000-11-06,-1.5581316839893389,34.33203659327253,-18.464566087843792,-13.819610770215595
2000-11-07,-0.4202586800586974,33.49583071285863,-18.57904613038062,-12.465708859964057
2000-11-08,-2.4276723500956496,34.3702874683252,-17.55005552867139,-11.776332380311144
2000-11-09,-2.8307690249835247,34.029613257273944,-16.471161134123406,-14.077180477405834
2000-11-10,-3.0726065890635965,34.457576862080344,-15.942189549554627,-13.853712640870507
2000-11-11,-3.312043163176667,33.354872141981566,-16.664286070732054,-13.97442477955067
2000-11-12,-1.7365724207566127,34.4562023444803,-17.87572839989454,-14.168729091879442
2000-11-13,-3.601811032419228,34.36830034225867,-17.241913889380168,-15.272142311053098
2000-11-14,-2.438775893395957,33.02999203876364,-18.21053761277122,-13.87096146895623
2000-11-15,-2.73648257808425,32.973047150359086,-17.574479757325488,-14.622832889514672
2000-11-16,-2.612686881732415,33.34658756154285,-15.39524387221659,-14.21708785560093
2000-11-17,-2.298349424976676,33.56759918905494,-16.063255827970902,-14.285338907049997
2000-11-18,-1.999235565082901,32.71106692731911,-15.904318826407891,-14.338868061584403
2000-11-19,-4.4075564193845285,32.3471546313065,-17.66353738996399,-15.515355438251904
2000-11-20,-4.755218195418362,31.7133349482982,-17.740817018085103,-14.489565654122863
2000-11-21,-5.060141429916222,33.40416572762519,-18.633293984238907,-16.051706584450883
2000-11-22,-5.133825047979985,34.539577014639136,-18.12698402510627,-16.70840853072205
2000-11-23,-4.3120839976538194,35.05008719897587,-16.389069217499294,-18.43338396022916
2000-11-24,-3.990000796496235,33.24294698311372,-16.13622498070473,-18.433331511872794
2000-11-25,-3.063758879260396,32.04339869042296,-16.605870236926215,-19.26281710959247
2000-11-26,-2.514536367151755,30.43810095807365,-18.196147721746687,-18.150452103838354
2000-11-27,-2.4422918575809796,31.843926295674564,-18.67306349297289,-17.211257679105366
2000-11-28,-2.8138164597225,31.936911282383253,-19.564440047557916,-15.218619019349461
2000-11-29,-2.0789035321267746,32.1250402140966,-19.61355283929187,-14.122029584107654
2000-11-30,-3.312498415776885,32.59111747172572,-20.758410195874845,-11.607396471748224
2000-12-01,-4.24865305960838,31.973815536155726,-21.32988580844824,-12.25109892874235
2000-12-02,-4.065636863022782,32.32183769647517,-21.138198224124757,-11.449947311686474
2000-12-03,-4.218495803705831,31.02477209539179,-20.8197225054636,-12.176050266167373
2000-12-04,-3.0974587632477473,32.18521267094416,-22.443533473411172,-12.7402143892812
2000-12-05,-2.949214425727313,32.89863196837653,-23.74175896758463,-13.521966584464632
2000-12-06,-4.830746212642893,32.483418116654846,-25.22182971185522,-15.88761262010397
2000-12-07,-4.4981061218690925,32.1679604219567,-25.26422042422748,-17.403169936796523
2000-12-08,-2.249878820542136,32.10220762449105,-25.15230108177144,-17.949120381627488
2000-12-09,-2.4320756371139907,32.04473096802631,-26.459851490731594,-18.405515442234936
2000-12-10,-1.7950622797433515,31.541681217982855,-28.038564369172644,-18.19845978695204
2000-12-11,-1.3583451674327127,30.338552432983796,-28.633452366042576,-18.05995868785975
2000-12-12,-2.3038848665828855,28.352829740638814,-28.484580837474123,-18.008867276538616
2000-12-13,-1.9143782360482446,29.497859211390725,-27.997773440539365,-18.046600996663003
2000-12-14,0.1641229307312111,30.403536531624752,-29.152977048121397,-18.440637783322067
2000-12-15,-0.2570130926580315,30.900907063048493,-28.89685304135799,-17.26220238794186
2000-12-16,-0.803087988159328,32.370190906701,-28.794922188529945,-15.84511432696454
2000-12-17,0.4335215464129134,31.263932832135506,-29.261487931945496,-17.357785015036697
2000-12-18,1.1780213224444616,32.28510294592362,-29.174237977689923,-14.263976223297158
2000-12-19,-0.09432867807386702,32.033892072334275,-30.798590484152314,-13.877171459253054
2000-12-20,-0.8934073242114153,30.37237922219152,-30.968392739962624,-14.372581662368718
2000-12-21,0.6138964831213711,28.19711938518659,-30.954544415747673,-12.284867311633203
2000-12-22,2.002624954446997,29.163307864120316,-31.11233188596917,-13.678759750583739
2000-12-23,1.1602862884103047,29.30841490357283,-30.296404938466708,-11.943742501294436
2000-12-24,0.5222765020512721,29.02296209798533,-29.11004412584866,-12.545491617674903
2000-12-25,0.8323901512071337,29.214844885346324,-30.205963055524066,-11.960849787246174
2000-12-26,-0.5983361259233928,28.796976318264285,-28.10004980779566,-10.089317894436887
2000-12-27,-1.0172863194456303,28.335173947681756,-28.328332619390988,-8.206773675931773
2000-12-28,-0.07969530213477383,27.511624436146903,-28.579995665839302,-8.27488884953203
2000-12-29,1.594134692372362,29.245560456256698,-27.97110124816982,-7.998138321777131
2000-12-30,2.85639568829761,27.72782213226085,-26.662549386854614,-7.054161968622807
2000-12-31,4.074448838798791,26.938175193900516,-24.041920358836578,-6.924083494114002
2001-01-01,3.4483970604218293,27.060555287642206,-25.218363158682028,-4.740524951890586
2001-01-02,3.9054171800914603,29.524435945132446,-25.137703071485266,-4.940453061271002
2001-01-03,2.952587619307395,28.806546125060713,-25.063367989948002,-6.5355072898382405
2001-01-04,2.342705506526334,29.31390389453203,-23.260743954032385,-4.616827416512871
2001-01-05,2.3378809785063517,28.700210780127556,-22.90194012922119,-4.295842283271165
2001-01-06,3.3271204425336536,28.799936496272526,-22.227311683872404,-3.804440034847393
2001-01-07,3.894851575763326,28.491165486892513,-21.650788232886992,-3.310740336211967
2001-01-08,4.328858973652593,28.848323779074057,-22.187414741737143,-2.920613192124179
2001-01-09,4.617135126418477,27.94195617459242,-22.391857882897845,-2.27658929307663
2001-01-10,5.542137474425488,27.94385660562615,-22.07463547249805,-2.7107127065577408
2001-01-11,5.450231575963389,27.01392389648317,-21.603850190292597,-1.735282219954003
2001-01-12,5.9142034180882765,26.616302307702213,-21.285419950162957,-2.8231040374047476
2001-01-13,6.408365343158585,25.051685364463104,-20.336772692329006,-0.6143232647155061
2001-01-14,6.351378780410102,24.685579911129402,-19.585453320629373,0.8869727973823305
2001-01-15,4.991094759763202,23.22574776942258,-19.515377772799678,-0.3286332271140744
2001-01-16,5.823871602199773,23.87914173728445,-20.59766147110843,-1.7779288108076683
2001-01-17,4.436072304210688,24.0520692559036,-21.126132052507266,-1.1744532817591904
2001-01-18,5.20047944243159,24.710801559551292,-21.833436433488842,-1.7272364663060382
2001-01-19,6.450225762238954,25.024162108985372,-22.52403614384481,-0.7607510482046914
2001-01-20,6.932409246256759,23.76091150305227,-21.577971730015967,-1.7557193028925053
2001-01-21,6.074613704318551,23.70371630863091,-23.014678372693965,-1.9079285195428506
2001-01-22,8.04083488010735,24.596223073359486,-25.533448140639372,-0.40942596519827856
2001-01-23,8.73187297068671,26.66240220100326,-24.77200402291137,-1.5444210355194896
2001-01-24,8.235253466226622,25.93283887344485,-24.906274165153146,-1.7390066166760951
2001-01-25,9.833839766540878,26.186274325182445,-24.705631578967015,-3.5208235539008603
2001-01-26,9.771934014121205,27.162774498901236,-23.868364696616226,-3.660985030134885
2001-01-27,9.470955948919816,28.91378285082997,-23.024431718524884,-4.094635990117563
2001-01-28,11.23537975167806,27.715622692553726,-22.65983775804793,-4.09186465317452
2001-01-29,12.462068310743021,26.70404077567658,-20.857344357166518,-2.044046153981463
2001-01-30,14.212859995260038,27.905623221985834,-22.260084775110165,-1.9339185453615697
2001-01-31,15.269676807655891,29.06589652866862,-22.969432282470812,-1.9395075015936998
2001-02-01,16.381387009479344,27.091503545893534,-23.489714379345198,-0.7225306826917437
2001-02-02,17.136619385498964,28.61748718082352,-22.122267863791578,-0.0666606063195807
2001-02-03,16.865597111211198,26.662572884915136,-21.275543920713933,-0.7618592731193194
2001-02-04,18.511254977329823,26.21282467037226,-20.692207320781137,-1.388150029197953
2001-02-05,18.34879019339284,26.962997106839182,-21.992386823702958,-0.8210706177152741
2001-02-06,18.45466679115095,27.89558947675764,-22.048533709791677,0.021056670312714743
2001-02-07,19.623267657053884,27.783864212895544,-22.75723108360328,0.6509446051248698
2001-02-08,18.6001085066134,27.00523539678542,-22.218463307471957,-0.3667580525305262
2001-02-09,18.475490683606807,27.049762905006432,-22.230010513788443,0.39197570043328533
2001-02-10,19.369537873597583,27.006142587995043,-21.180714439686316,1.0430361551999991
2001-02-11,19.10064020226041,24.712828390128216,-18.663806091153788,2.2850143336147717
2001-02-12,19.531098170153086,24.686873955565638,-18.37685973197822,3.6088694139672883
2001-02-13,20.137804451365685,26.77968144456551,-19.16787682576297,4.584971178657162
2001-02-14,18.095341710541256,26.26809675656697,-19.326055216661885,5.336678268337413
2001-02-15,17.929421635818688,24.31195225297528,-20.992562301664353,7.168036070179972
2001-02-16,17.98661436751008,24.77708075242159,-21.457117510262346,6.158442752347073
2001-02-17,17.68707045649087,24.965511176991704,-23.417529026275666,3.542279415736834
2001-02-18,17.69406096489153,25.00665673868756,-23.61412819701633,4.4036235966091954
2001-02-19,18.45516128450535,24.714304172068605,-24.383224088504473,4.908649721145583
2001-02-20,20.640564080970158,25.130114009232223,-24.517542825614257,6.762497165199525
2001-02-21,19.204550687826824,25.354089141583106,-22.87985344269411,5.641160159351038
2001-02-22,17.743591212766443,24.49037572519202,-23.906172547693362,5.817702801436788
2001-02-23,18.749255779576394,22.497384333904296,-24.43609688102964,5.626684343262415
2001-02-24,18.902910503341587,22.374124696775397,-24.1297126522771,6.883326005341164
2001-02-25,17.832334928235237,21.44581427151317,-23.01154290534855,5.37066701621298
2001-02-26,17.323563448406926,20.45365714442509,-22.643351055831307,7.323818688746627
2001-02-27,17.260356259967484,20.093198505254538,-22.09930156994414,6.852690706566082
2001-02-28,16.1021314844384,18.261711458829556,-21.499698364724594,7.03102880489812
2001-03-01,16.599235979715818,17.62591357159522,-22.445188049595057,5.831490361533521
2001-03-02,15.796267730086818,17.711347544698054,-21.324484408774467,5.98674397276467
2001-03-03,14.77110405651694,17.615070326161568,-22.079363391695615,7.124521459040222
2001-03-04,14.122479056567347,16.391054058226917,-23.08917794922077,6.8864584306454315
2001-03-05,12.460081455323857,14.521096560742393,-22.319131816811677,6.8852946059897535
2001-03-06,12.461474512356483,14.823660773394169,-21.290090875728453,4.290689230126798
2001-03-07,12.28520942887903,15.612705757303614,-20.662403181386242,4.229764736917265
2001-03-08,12.023386899824125,15.490852656412654,-19.891577266355362,4.678725294272523
2001-03-09,12.735315067729758,15.074695671664115,-20.16984978973,5.0967452223217995
2001-03-10,12.749722416823973,15.906924705322217,-19.719964273093513,4.231762954106815
2001-03-11,13.818361140341926,16.350199874606528,-19.00348951664577,4.673397427319574
2001-03-12,13.392348056576015,16.373202499431674,-21.178997729758912,5.079498680612886
2001-03-13,12.807630352095405,17.022144242282483,-21.9097752959899,5.583134401732497
2001-03-14,12.0553485578049,17.402862582598434,-21.320146567605406,5.409171309575202
2001-03-15,11.858207344520181,17.982921325158173,-22.263876889792492,6.6393206565623935
2001-03-16,12.553485868975066,18.638719315959484,-22.090798263157815,5.998350144717715
2001-03-17,12.359706370032868,18.3324590577467,-22.817164668934662,5.8609288463372025
2001-03-18,12.35100633726215,18.11733359966606,-22.773151108343974,5.308229584220508
2001-03-19,12.979073505986271,16.508562072603514,-23.032434259471735,5.340928936438618
2001-03-20,12.63842579232904,15.070037954575033,-21.320358106748014,3.480089606479585
2001-03-21,13.691823504181038,14.320792789710804,-20.40250422729824,2.642489900244201
2001-03-22,12.175637863338755,14.884390160849073,-20.559967944776474,3.8561857166929814
2001-03-23,13.599119745124746,13.626166194217937,-22.59627167342822,3.1494530501399334
2001-03-24,14.92729035201929,14.89666936233214,-24.20161515781964,3.3378997326428017
2001-03-25,14.153998418379272,15.259112803801012,-22.431627273357478,2.8945563228790174
2001-03-26,15.642837902940693,15.968671760765664,-22.13412012016742,3.1835347253028137
2001-03-27,15.998751137637223,16.366510902039987,-21.763044217024103,0.6920603080880281
2001-03-28,15.05912353290313,16.14794673642316,-22.645360800186765,1.6411471905826813
2001-03-29,15.814577899347876,17.091919736017203,-22.723443567272366,2.775056980504235
2001-03-30,16.359058158151925,17.095085620116397,-23.850555197493446,2.3568877632158847
2001-03-31,15.27829396554473,16.2013209526211,-24.735701064859317,2.46822604459898
2001-04-01,15.173880297921576,15.113594159700002,-25.776553604702073,2.8608171760420524
2001-04-02,13.6792365508804,15.805545445639698,-26.449610942105124,4.67550286751142
2001-04-03,11.276266308619604,16.51963572878471,-27.23921747535039,4.898374597603218
2001-04-04,9.277365353431648,16.632157067749766,-26.01643344520445,7.196933200096425
2001-04-05,9.148529023170981,15.608473903865072,-28.123658233566804,4.174491282451074
2001-04-06,10.295418785038676,13.834604848242654,-28.757283516787773,4.93422406579323
2001-04-07,8.337869632822617,14.812877644570321,-28.502128234499892,4.511517473191887
2001-04-08,8.622401217523112,14.555718654910036,-29.679741488288688,4.610997556268362
2001-04-09,8.0475589205539,15.745686124513462,-28.949306350993034,4.154298131317787
2001-04-10,9.131939900817269,14.863920183181161,-29.314261522989604,3.6019048835207554
2001-04-11,8.685801800944393,14.967170874916995,-29.80908902066189,4.306211186168962
2001-04-12,7.696751335476485,13.580956096216193,-29.373985717720956,5.763155304573458
2001-04-13,7.2680771359237495,14.18221152963672,-31.663282899083683,6.939280989147596
2001-04-14,6.141283118994911,14.289964084273269,-31.303442248946023,6.872233315929588
2001-04-15,5.7131611410140355,15.600414291413752,-30.051960914800073,6.9301471148214375
2001-04-16,5.435584772464243,15.653138189371855,-30.47017108061685,5.76027368040438
2001-04-17,5.717607322848503,15.494633567131686,-30.763333689096196,4.527146074358661
2001-04-18,6.58979657620103,15.140935653220287,-30.60096078519033,6.751970485625137
2001-04-19,5.3167889848741785,16.7476512227231,-30.388469929259355,5.507220681365264
2001-04-20,6.491408077185283,16.416610807179268,-29.707385602221077,4.17609391002271
2001-04-21,5.565726492978468,16.98774059215556,-28.99391192479482,5.354848721015431
2001-04-22,5.9258741391214365,17.18101603521654,-29.664906404813596,4.84722822588741
2001-04-23,7.6765170653269905,15.878918411794013,-29.001713831577923,3.867772947106194
2001-04-24,8.366281100343631,15.833002556439522,-28.917149566622665,3.589766844044623
2001-04-25,7.763707064065664,15.356588067502534,-28.252131447148283,3.051423793309394
2001-04-26,8.327317068884025,14.722019290374812,-27.01740398949267,4.685827808396653
2001-04-27,6.846330274234223,15.219780418092892,-26.294347390364553,3.669826945104665
2001-04-28,5.373848063784779,16.367512331651845,-27.557127447737585,2.850576607705875
2001-04-29,5.704223957386647,15.86601476342499,-26.66659677475666,2.774226578409228
2001-04-30,5.318916525272034,16.113665328704496,-27.625081569753636,1.921511073336103
2001-05-01,4.178207259858738,15.6491663002687,-26.805750815195896,1.7054218141327326
2001-05-02,4.293689697182632,14.869989888803268,-26.281766184889204,2.0228832694776857
2001-05-03,4.153888503859337,14.93884747076294,-27.20179526407439,2.9508023866757647
2001-05-04,5.6938254605108325,14.203107190682141,-28.657036981995265,4.470916013945997
2001-05-05,7.111962822258499,13.620366790441414,-30.406378392179114,4.5135862398621525
2001-05-06,7.415550259722225,15.89015143442565,-31.874705787191512,5.079646948583043
2001-05-07,7.957213079115498,16.210079653537136,-31.30548967651084,3.884127146316928
2001-05-08,9.138059512614294,15.22965966334318,-30.922163050803718,4.000186985423263
2001-05-09,9.97732741621201,15.769483826419728,-31.340645819532515,4.487337874030424
2001-05-10,11.468849276095055,14.34348591090463,-31.116936864097802,3.980215749857149
2001-05-11,12.054523927378792,13.09019599785989,-30.517051893786316,3.8629688407449154
2001-05-12,12.77679786855436,12.268253599318578,-29.941456012918533,4.375513592071956
2001-05-13,12.984233643997218,12.89932834705659,-31.42549516087712,4.167739775357335
2001-05-14,12.084793940978049,12.266705576056182,-32.587653679539905,4.478170442636827
2001-05-15,12.400954010522979,12.658601133238468,-30.51531765768475,5.489877129847068
2001-05-16,14.539400816091115,12.344323274498226,-30.135653354921402,5.093300048836074
2001-05-17,15.32437695295996,11.647401140085776,-30.165272127978657,5.537069978808331
2001-05-18,16.057737329404933,10.431319654236066,-30.705698727768272,8.034991356029634
2001-05-19,15.589638745708289,10.16394638455773,-30.04867627233908,6.833545816939142
2001-05-20,15.87840856628776,9.523344726626519,-32.68516038538264,5.513226340475268
2001-05-21,14.874567964486326,9.885248740342426,-32.7000523329348,4.16762611130614
2001-05-22,15.037932893994297,9.936296543154173,-34.52790220679899,3.4237909872782657
2001-05-23,15.430358347279586,9.524288414893542,-36.18182978326614,5.872069016433041
2001-05-24,16.064039095232953,9.040795471231808,-34.31168381388,6.324386848489294
2001-05-25,16.891010361502218,8.813285504801863,-34.093781375554066,5.9473352441056395
2001-05-26,16.772632390193316,9.705950448156349,-36.89935310855469,7.360321701598608
2001-05-27,15.424475523068025,8.580602533391092,-37.31751930409405,8.256423596901213
2001-05-28,15.469789015937613,7.367260276731082,-37.51980195289991,7.4883112182513205
2001-05-29,17.364646494945497,7.032811034547901,-37.365660528134086,4.599860912624118
2001-05-30,18.84419596337412,5.093301336041082,-37.56765952226394,3.758760523125804
2001-05-31,17.804004630293413,4.572084948886902,-36.202033061348224,2.328877989140263
2001-06-01,17.759822424723936,4.392142446504147,-34.46760042174425,3.267200160366276
2001-06-02,17.494273669478304,4.092871007789079,-35.569249595788236,3.161447879408228
2001-06-03,16.41348625775444,4.713159104347,-33.514167043397464,3.6337890233954973
2001-06-04,18.11044607312712,4.1274910615855775,-32.518877713271074,3.7148832558459124
2001-06-05,15.166431334683693,4.389447885688604,-32.93861560721475,3.143905018852215
2001-06-06,14.71668173291597,3.9174389575850297,-31.9635458646348,3.5810084929944526
2001-06-07,15.740575304230964,3.9227463543814904,-31.754705707247986,3.2426046219236757
2001-06-08,16.62479547615862,4.70957570537948,-32.43386769888309,3.1260136840845036
2001-06-09,17.49078477873887,5.018471059619378,-31.445539090431495,4.339058004406921
2001-06-10,16.743845010499363,6.537297006690432,-32.2953105533406,4.811178106986438
2001-06-11,15.977317890036868,4.753373627040471,-31.40768831241641,5.825104090060039
2001-06-12,18.407466640171574,4.885393174700485,-32.342613816909925,5.9139077157590405
2001-06-13,19.170079085173864,4.562507626030214,-31.843588972202774,5.356130777836876
2001-06-14,18.800741798429684,4.280986624333559,-33.18347218573123,3.9600159832254063
2001-06-15,17.39749240778082,3.6976527306115963,-33.09308725186973,3.08846902041905
2001-06-16,18.6819227839832,3.4182511853105515,-31.278684891355258,1.6917336467390454
2001-06-17,19.67468907169385,4.957198331696963,-30.67884111452876,0.6529401042428953
2001-06-18,19.569013716733057,4.227112027762649,-31.16346585223428,0.3621929815799026
2001-06-19,19.736752746643205,4.471176681785907,-31.611695299795116,0.5081926812709627
2001-06-20,19.656926195317464,3.2311189028106595,-31.39245836664561,-0.010190514892680191
2001-06-21,19.956445567744712,2.5278682423959697,-31.33336918938992,0.1425356792906427
2001-06-22,19.13880038423715,2.0647552090987453,-32.41833182024166,1.4646012896162484
2001-06-23,17.966349490880347,1.564535354153941,-34.896686051788656,1.3105411982764643
2001-06-24,18.664572261204437,2.437452419292564,-34.85002747146421,1.2064696330836286
2001-06-25,19.36796853163355,2.577429004318065,-35.88102512314306,2.929000028872976
2001-06-26,18.877494943724983,3.3433688243951307,-35.861863606309626,2.616777309772406
2001-06-27,20.12402454382361,3.934136141635535,-36.952512262233405,1.4514750043798776
2001-06-28,20.32778968943233,3.725365351146297,-37.36682374607162,2.717052520836164
2001-06-29,21.15827507719476,5.02145239835366,-37.63674794770223,3.427652057172458
2001-06-30,20.178730986174703,4.8757480002114235,-36.29628811251421,1.2766579091266053
2001-07-01,21.37903751428052,3.4195216020881807,-36.43058411345499,-0.042137933497072844
2001-07-02,21.69251175242987,3.342705001261145,-38.35166594289311,-1.3055453332286693
2001-07-03,22.114099109554225,2.9505117770431557,-37.309658574272206,-1.344171674952012
2001-07-04,20.45540948334525,2.4184047621275093,-36.008358607676584,-0.7123678049552324
2001-07-05,20.41133133443511,1.5696020954621357,-36.16401673551005,1.2054900996626365
2001-07-06,19.461125893222317,2.3246587944960986,-35.98624246259124,1.2855009626855989
2001-07-07,21.082130964127472,2.4806281528458833,-37.08225455296161,-2.0779211537015607
2001-07-08,22.98247496323548,1.6019522647376658,-37.044921228142165,-1.2214420593939894
2001-07-09,22.304709863308833,0.7908952410337167,-37.167608328759755,-2.1174018546068996
2001-07-10,22.7172687923788,1.8176671359849648,-37.204334232318494,-1.4875698890027578
2001-07-11,23.79048009512661,2.0193993009063917,-35.71790366358336,-1.3199158421578285
2001-07-12,24.584172577416183,1.2279826560763443,-33.751024983850996,-1.6246919955323886
2001-07-13,25.850313198068207,0.17155767868045513,-33.609757586410865,0.34014773307696755
2001-07-14,27.176465818957908,-0.5293198361379408,-31.118632318329936,1.8018650996324752
2001-07-15,26.251148402381556,-0.8353972318228495,-29.96444327997837,3.0624667345590435
2001-07-16,24.652894102535544,-0.24293432114024793,-28.91982434501655,1.412088623682508
2001-07-17,22.410275446268596,-0.22758093413052335,-29.39934738560557,1.4371563954363928
2001-07-18,20.921416144353877,-1.7855909317615803,-32.426873580130476,0.517907882535585
2001-07-19,20.829473078012796,-1.9833458624498268,-31.899665110467637,0.7920206248067042
2001-07-20,20.05517273708884,-1.325054124708445,-30.8447376745241,2.079473711787536
2001-07-21,20.80281349203726,-1.8842777542787719,-31.819591296162436,1.370020870227331
2001-07-22,22.550520650412338,-2.3013980458817445,-32.07163277201052,0.47192064794470956
2001-07-23,23.448189213808003,-2.961947125781678,-32.90236347828499,0.854573383746981
2001-07-24,24.3368169547882,-3.4422619354458255,-33.06889215138065,2.0711823077152927
2001-07-25,24.335724643483207,-3.1299399930188887,-32.16709441258426,2.744134729178844
2001-07-26,25.698852205968905,-3.2722409155989935,-31.712932118011427,2.924541183061658
2001-07-27,25.73899225559327,-4.240737774993731,-30.77621728419166,2.195525924524273
2001-07-28,27.094791079930836,-5.609917975400708,-33.136256022940195,1.5378467799716886
2001-07-29,27.636899760754062,-4.764348649039401,-31.106871547838104,1.128026684400547
2001-07-30,26.957872599764666,-3.63780002240402,-31.472602633640825,2.361883904970882
2001-07-31,28.060741108583674,-3.8112202725457878,-30.799060256347854,1.2491548974590851
2001-08-01,30.154317609884174,-2.9148850176722108,-29.199034094757025,1.3993832977818175
2001-08-02,31.71195913258485,-2.836744101578818,-28.922281214560204,3.5737793550401875
2001-08-03,30.038737722044694,-1.4453856560860763,-28.3183643567293,1.2854670495639073
2001-08-04,29.048427150620128,-1.1122872656526648,-25.536068175537473,1.3596258942274708
2001-08-05,29.81680166915907,0.3105879406748584,-24.17641873837027,2.143672843136283
2001-08-06,29.64829002323042,0.44539015072946675,-23.927805491228515,3.6820799831959024
2001-08-07,30.23490813581184,1.5675428719887496,-24.038302550732304,4.382692530321505
2001-08-08,31.02196327045647,0.6322749932525252,-23.103892630665225,3.823795883405143
2001-08-09,31.48996274403198,-0.08228491139840188,-22.39054370026182,2.8984902017695293
2001-08-10,32.755040633940006,-0.3360423185452886,-20.969778400813524,2.6297803175562775
2001-08-11,31.563542330421782,-0.7816638229126933,-21.500310809119267,1.6546412785093803
2001-08-12,31.131775079788362,0.6595261644383223,-22.444993998580166,2.4829629464810417
2001-08-13,31.65823744229931,2.385348731801611,-23.54598160078025,3.6663770295826206
2001-08-14,32.28227612294404,1.7549438911914392,-23.682843363422307,3.3208327114121263
2001-08-15,33.8034369028509,0.99752476072711,-22.075290963727337,3.1759695627188247
2001-08-16,34.96722782744196,-0.19324021321855,-19.634174730251537,2.5153967962146444
2001-08-17,34.599272550139766,1.1433701778718852,-19.289238556069165,1.4591099211135765
2001-08-18,34.507490150534956,1.8096256343135626,-20.55538366705641,2.136379375245758
2001-08-19,32.48531630320207,1.4346895288677528,-20.57964375453313,3.58877282891396
2001-08-20,33.263005743263086,0.5750711310737345,-20.072125357754683,3.389166027647402
2001-08-21,33.00227498285287,0.8855861698302783,-18.876852307523972,3.0439922075571806
2001-08-22,31.29526462677265,1.6285314680890601,-18.58536476261562,3.545495534114402
2001-08-23,30.51636379166768,3.238333486088542,-19.23864252864426,3.969810913111596
2001-08-24,31.372545398854015,1.700840101185097,-20.161039816424605,3.2220561121900535
2001-08-25,31.39713051872051,1.0264774412206654,-20.099289447631115,2.8974153805526863
2001-08-26,30.304352829877597,1.6285783553093167,-20.381045382322274,2.6380409431026117
2001-08-27,29.945365555208777,0.9924365379232376,-20.69506724185688,2.891590825610581
2001-08-28,31.342055026374155,2.522961636001418,-20.35015355694289,3.93572473039821
2001-08-29,29.26789890688554,1.7177708831649474,-20.254812477299676,4.467437433486143
2001-08-30,29.976416928384083,2.0644806980237846,-19.628684483942465,4.672477996491782
2001-08-31,31.113312957577442,1.7837905711418995,-19.090849451948493,3.9984815217821597
2001-09-01,31.195344136086234,1.5787466445208391,-18.708269707784396,6.004669692881404
2001-09-02,30.06641718733273,1.8840352811649854,-18.382490253198426,7.086947845134861
2001-09-03,28.417166830466584,0.6090231607131216,-18.928768467199315,8.906643013053278
2001-09-04,29.282075636614916,1.3550707268938953,-18.64056853031008,8.78940355268774
2001-09-05,29.56692188556591,2.043348094870589,-18.084093457493978,10.161105985700225
2001-09-06,27.609969794532006,0.5422135010661315,-17.64798283533036,9.956893609756158
2001-09-07,26.654161490959115,2.0508540331864484,-19.320930687802065,11.109407308319087
2001-09-08,27.97779515471023,4.157926398632979,-19.831326930381227,10.870886126533406
2001-09-09,24.989809469607234,5.227777500832639,-19.196163644080915,9.741627641467847
2001-09-10,24.341717946433572,5.227881625748762,-19.559124977187317,9.696521382105155
2001-09-11,25.463143618904702,5.162170981362964,-18.10409620699391,9.668981157195425
2001-09-12,26.30470391987114,6.831060558543832,-19.076998118427156,9.383409922846154
2001-09-13,27.407296081732746,6.961892211741203,-19.035324560791857,9.969614915155788
2001-09-14,27.191275476848364,6.571048630474643,-20.409092550865548,9.126976524388176
2001-09-15,28.421838895212904,6.200620987582648,-19.051032303103508,7.435724197757602
2001-09-16,29.82250263900691,7.560686382913075,-18.060482433826834,8.079681425602582
2001-09-17,28.529230925574804,5.5575714421181885,-18.439477540779738,10.077540288105673
2001-09-18,27.29345330634007,4.998373786371429,-18.913608774288726,10.559222934260374
2001-09-19,29.378369705965312,5.185294959131192,-18.9949733841876,10.466174104362127
2001-09-20,27.222672460583592,4.087917816093789,-19.28526185697357,10.667013650986666
2001-09-21,26.862163913297703,4.184597977421367,-20.03437706316863,11.906256659482288
2001-09-22,27.911584950649317,5.313270370328245,-19.4877472430692,11.457958059891883
2001-09-23,28.183046979283443,5.625468676986623,-19.364159646185662,11.164939406710985
2001-09-24,28.25791173434292,4.40066890456994,-19.744505428079286,11.686922231735746
2001-09-25,27.83245966001379,4.45458371556914,-18.663573226937558,9.803634409168302
2001-09-26,27.621620994655306,3.9665288694274667,-17.344074067793564,9.621459962422652
2001-09-27,26.74584656611486,4.378897599085776,-17.33895305341595,9.239383786273612
2001-09-28,27.300003656946064,4.370317661359154,-17.496912686385752,8.04897476290755
2001-09-29,28.86821985755322,4.085099018551354,-17.442722877636196,6.917405573199938
2001-09-30,28.548926832277825,3.1256109690960456,-19.535617253356936,5.206317250376276
2001-10-01,28.05855726847512,2.9767293496304092,-19.872292712714646,3.229377299059923
2001-10-02,30.7530648803638,2.02588271693456,-21.105804130459802,5.238985342340697
2001-10-03,30.894267806640748,0.9165939028601062,-20.69259683759498,5.304481516230034
2001-10-04,31.955196512098972,0.6445800817913042,-20.727169562617537,4.425661606932658
2001-10-05,33.03152285779761,-0.6274470178338755,-20.534555464845983,3.145012048896235
2001-10-06,31.953073131704098,-0.5171712505413335,-20.255034966373657,2.5054951902064344
2001-10-07,32.24296195167269,0.03051581127129932,-19.740532236538577,1.9433049669687534
2001-10-08,32.02409154871778,1.8258579744879164,-22.750028756339596,0.28143356897523275
2001-10-09,31.139431570506673,2.115349851762735,-21.92982330996385,0.40422687090948417
2001-10-10,30.246712593620064,0.9368574024150924,-23.09041293906226,-0.4038281054308842
2001-10-11,29.864826913660927,-0.03396694552422286,-22.496177929207388,0.11429636804816745
2001-10-12,29.764381084066144,1.1187370954821465,-24.35504805590974,-0.35456136375662256
2001-10-13,29.648654920366965,1.2112066668240566,-24.08993029904968,-1.6989532538569723
2001-10-14,29.059844942840535,2.198324510990959,-24.661455940320636,-3.381652516121408
2001-10-15,28.732161924376282,1.470770572361817,-26.09467546034217,-5.8198672094163175
2001-10-16,29.02465406754803,2.709902324614149,-25.666584836686532,-5.973328070967753
2001-10-17,29.965037781060005,4.467544431349287,-23.772086438434712,-6.6944447674408725
2001-10-18,30.636208161263077,2.7608703211088836,-23.148723459420044,-6.154894812931771
2001-10-19,31.203032737856702,0.9378210733232972,-20.460126895079394,-6.18065255872974
2001-10-20,29.980480091745445,1.8136125956774047,-18.905378650744723,-4.548997548295368
2001-10-21,27.580027980925756,1.4776776356455343,-17.32319598117115,-6.060924943215388
2001-10-22,27.055564222354757,2.386883649227876,-17.720680756237694,-6.794943049759019
2001-10-23,26.304822087905666,3.214193291374938,-17.294938514982363,-6.560456358410112
2001-10-24,27.451456166747114,4.298737916266919,-17.617868814723188,-6.990946686312365
2001-10-25,27.889676772359447,3.394535109177394,-17.802762878783216,-7.912796147643183
2001-10-26,27.752191289538455,1.9385108779136453,-18.216881474594434,-8.55065547188132
2001-10-27,27.65843573408597,2.6806415804586283,-18.078508909588106,-10.990582942969384
2001-10-28,27.15292722581975,1.734469206979667,-19.0880783542216,-10.788185326374766
2001-10-29,27.870288135283356,0.8558038688116617,-18.331267419509388,-10.281218628665231
2001-10-30,28.670653174361085,0.7058364265161663,-17.820895163540005,-9.569964664953655
2001-10-31,27.473666096154062,0.7039357243474073,-17.063151163781477,-9.578705334631241
2001-11-01,26.38541412082021,0.15763528433313068,-16.860963921094264,-10.870061240948221
2001-11-02,28.74161451800521,-1.7801065681786752,-17.52340021062584,-9.517475807538087
2001-11-03,29.11136964082075,-0.687749263487426,-17.26799225203596,-10.203445627196238
2001-11-04,28.177746018686324,-0.5484015896527686,-18.438261589091724,-9.172922950172477
2001-11-05,27.054867290901196,-0.81048523539965,-18.98019394715702,-8.516785421904416
2001-11-06,27.039420866608598,-2.171513732204475,-20.429696946318675,-9.032950638914258
2001-11-07,27.818859681069487,-2.7374259414187536,-22.41449297226576,-8.051231476191688
2001-11-08,26.764156889853922,-1.8076039321347177,-23.192612388752863,-8.38763684029708
2001-11-09,25.660767363339243,-1.2656137330745767,-22.640498898478498,-9.580109238404448
2001-11-10,25.72737271135584,-2.4950239178755487,-24.057544172999428,-9.756647114970235
2001-11-11,27.352832730582968,-3.2058274637236925,-24.142466435710002,-10.227890083069411
2001-11-12,28.607695190155752,-5.179866866334871,-25.46118990393593,-9.448126390912305
2001-11-13,27.760208769798062,-5.301294211566681,-24.812221855270387,-11.157356561989554
2001-11-14,27.080140274912296,-4.811212506849077,-25.061024348137032,-12.248503490801154
2001-11-15,26.835004744315984,-4.616060793583388,-24.772539664016705,-13.23171014736706
2001-11-16,26.209474249949178,-5.884410119975079,-22.67759781857928,-15.551313842316546
2001-11-17,25.69446811125403,-5.725715440740033,-23.656554872228735,-14.022838848052757
2001-11-18,27.1724854216937,-6.179791697334856,-21.77511811430116,-14.981692493934293
2001-11-19,26.060978010546005,-4.542508616680891,-21.404650037314376,-16.399689583062507
2001-11-20,24.310292845552986,-3.225748084192266,-21.10245310932067,-16.3911057853295
2001-11-21,25.19094189478001,-2.7307501778205276,-20.76086011139581,-15.770896267055877
2001-11-22,25.785274749131815,-4.024625952544607,-21.648754304319795,-15.162937890096432
2001-11-23,25.76420216332119,-2.8019579753777775,-22.560711167839457,-13.295344525498388
2001-11-24,25.23231104250906,-4.802809904426469,-23.998206183643553,-12.315773443990764
2001-11-25,24.27178779660352,-5.79648360879992,-24.3769539570012,-12.731908554648692
2001-11-26,23.581625489568832,-5.9718171500315975,-23.282090694178535,-11.594062571318636
2001-11-27,23.21991199792777,-4.592183242496474,-22.14669552530314,-13.622388534393417
2001-11-28,22.09666569811109,-4.9814488645227355,-20.451163737201675,-13.902509364064958
2001-11-29,21.910415347048293,-4.700437105867129,-21.1372969332534,-13.426630117723528
2001-11-30,20.259118566860458,-4.828884920486306,-22.726947381592453,-12.052004329618175
2001-12-01,20.2859974897329,-4.907261048876617,-22.088826266709745,-13.69817835926322
2001-12-02,20.662974481576256,-6.515519973641199,-22.63248285762921,-13.423341267607407
2001-12-03,21.220466908633497,-6.635508749932057,-22.90503828472625,-12.575148014248375
2001-12-04,19.821614746933573,-7.892778906965004,-23.39502719905405,-12.471504178583903
2001-12-05,19.393361472535794,-8.72897283332868,-22.792473513163177,-12.344303864575059
2001-12-06,20.345295162239356,-9.089935044164186,-23.246648602426312,-14.024008548398095
2001-12-07,20.364638470381138,-8.866350742579856,-23.12190731926495,-14.257656986589911
2001-12-08,21.144708699019095,-7.215689041392705,-23.84331799299429,-14.3478189770073
2001-12-09,20.438316037442828,-6.632333298162563,-25.982079033046716,-15.080558293453212
2001-12-10,20.90066182713384,-8.162309605425646,-26.705833619401425,-15.19258066905205
2001-12-11,20.048901272275867,-7.220541331674817,-26.52593200404374,-15.131024789739353
2001-12-12,19.43913267960964,-8.616066049989254,-25.995728675563658,-14.781194155981566
2001-12-13,20.32177304141257,-8.13927485795642,-27.427474319369612,-14.38640403261934
2001-12-14,19.12682947386787,-9.027248381429041,-27.61901511950092,-14.565868728887583
2001-12-15,19.405613792326648,-9.207813474662858,-26.474181211370702,-15.860261896508817
2001-12-16,21.06171047523327,-10.179095494008655,-27.903007988955054,-17.34503243777149
2001-12-17,21.8626578136624,-10.35292252473371,-27.423620143312906,-18.19399432978151
2001-12-18,20.558253558088825,-11.289115581264182,-28.372588744375214,-17.850601857046094
2001-12-19,21.280621106969186,-10.602430225649124,-28.60565449024634,-17.98130593906028
2001-12-20,21.53875407269152,-10.147778682088925,-26.94707833102231,-17.376918698111417
2001-12-21,22.551686585857958,-10.473259268049123,-28.439175982340068,-17.952910908018577
2001-12-22,23.631026108972403,-10.72966468731443,-29.448872791042316,-17.34515199478687
2001-12-23,22.62994298931801,-10.973038754558047,-28.807758991932797,-16.955108954231818
2001-12-24,22.91041048108976,-10.567541329792116,-30.450454593390475,-15.835476883928825
2001-12-25,24.09753750524694,-11.339907818936112,-30.295348379543356,-15.161902312968094
2001-12-26,24.50734795734588,-10.838068300822524,-29.220677273388173,-15.358429467535602
2001-12-27,24.54028884102302,-11.201532754235396,-27.393087739082358,-14.710152104010955
2001-12-28,26.177137567617365,-11.786446754004585,-28.252706638993857,-14.867566353667808
2001-12-29,27.99274164812884,-12.608892473249186,-27.930842152747935,-13.743670745463453
2001-12-30,27.134761519914502,-13.47885370952563,-27.85735126110756,-16.27648459972397
2001-12-31,26.14054309696307,-12.771727713875036,-26.987710543096956,-16.244052650539267
2002-01-01,26.60359514810753,-12.82232605514008,-28.32646052609397,-17.404750383432408
2002-01-02,27.144380636738273,-12.611898256474852,-28.293151108053657,-17.163781405121938
2002-01-03,25.766903891636222,-12.404876698231616,-28.5201229380709,-17.631634751880537
2002-01-04,26.24366485197781,-12.89742416090319,-27.683608109535903,-18.44791574030019
2002-01-05,26.279992964826125,-14.56853033543421,-27.25931339432044,-17.274684291779344
2002-01-06,25.638169065594067,-13.99336572141665,-27.177386259469504,-16.674334985052734
2002-01-07,24.843693602833127,-14.666223611107569,-27.862303824195358,-17.54992502073243
2002-01-08,25.176152988510477,-13.31046923151584,-29.183353861300183,-17.209019756255756
2002-01-09,26.301502862800593,-12.968348573877414,-30.5103409263763,-17.792979912873022
2002-01-10,24.75434568197412,-11.614075916477441,-29.188277863570082,-18.104890649750523
2002-01-11,24.1360353088877,-12.020723629067438,-28.172930755341042,-18.989384905369647
2002-01-12,24.441535156938635,-11.323136911774725,-27.624063632404926,-18.223359253926674
2002-01-13,23.30372831625108,-12.144956965860125,-27.28880479983552,-17.406494740987924
2002-01-14,24.354121239677998,-12.796241827471071,-26.59740784403099,-16.72716516378995
2002-01-15,24.0063078191218,-14.041682910935391,-26.32025477329101,-17.263712027919667
2002-01-16,24.891175555135973,-13.596293961238894,-26.479150575733772,-17.877772799200965
2002-01-17,26.019693400087544,-13.21407038030593,-25.949185670621226,-17.893057972325078
2002-01-18,27.59199814049069,-13.177658629819115,-25.7831969995201,-19.545180207908977
2002-01-19,27.76280039772577,-13.937461218357834,-23.828653830357336,-18.974003021305514
2002-01-20,26.94614368658116,-15.327740708473092,-24.897167632466328,-18.95868425354835
2002-01-21,25.243249729054305,-14.00212314699744,-24.72500620029597,-17.312406963105197
2002-01-22,26.427767943583056,-13.271733312004953,-24.114688556048527,-16.977806159620457
2002-01-23,25.25626706384908,-13.277320617429282,-23.689561775380273,-16.06720762528189
2002-01-24,25.315992135023905,-12.842211687364973,-21.442875374118625,-15.709591430826803
2002-01-25,26.098759718014385,-10.603043560334676,-22.00083896368794,-16.33376599089284
2002-01-26,24.90326210164369,-9.597817827333879,-24.11810174260191,-17.212722280679813
2002-01-27,25.573476186064276,-9.384287355847006,-23.22812020162475,-15.371392510232202
2002-01-28,23.755389083118327,-9.071836084064927,-22.663731758312245,-14.49586537447641
2002-01-29,22.537322821177582,-9.696394105062495,-24.395988473745916,-15.642727143157128
2002-01-30,24.198989403142473,-9.184979606078473,-23.15820644160426,-14.194932490422172
2002-01-31,23.895031008102528,-9.735526828357026,-23.404130066708937,-13.977832997268466
2002-02-01,24.92020168263864,-8.25906814952775,-22.709945530398787,-13.229286299331065
2002-02-02,24.453460274966172,-7.623215829929364,-23.295746642717226,-14.27259309526568
2002-02-03,24.40406518258421,-7.591097078332639,-22.651267746428356,-13.704028167233679
2002-02-04,23.913274654671465,-7.075032602319181,-22.902690003508717,-13.304681502073528
2002-02-05,23.77755673985857,-4.432118149338086,-22.725509634096884,-12.454895214799349
2002-02-06,23.348930822254644,-4.3532097349253185,-24.742776768733574,-13.360815327811288
2002-02-07,23.780243511873447,-3.3946404285239047,-25.1889378727004,-14.400310745595645
2002-02-08,24.019179865714758,-3.9105392138407398,-21.533804053782028,-14.345846009972794
2002-02-09,24.00628829357358,-1.6551495535350664,-19.990073128099418,-14.1618821687004
2002-02-10,22.39168984925128,-1.2234632769649694,-19.535647154984343,-16.116336862898414
2002-02-11,22.765036556379773,1.0122283732191506,-20.561006972405284,-17.402460391796282
2002-02-12,22.04886041788242,2.4146231392730053,-21.964941375242525,-17.184228938677634
2002-02-13,23.33702374204649,3.5602889473577006,-22.92585630998839,-17.65037551136857
2002-02-14,22.438932876678276,3.452680138968376,-22.805372225858356,-17.88693345110491
2002-02-15,21.82036842641161,2.9038408833795746,-22.924424148294385,-16.78863115542247
2002-02-16,22.1322126713453,3.88633004481737,-21.99926924758318,-17.405585114818646
2002-02-17,22.762800865012874,4.375029749334739,-22.80010516806008,-19.098673941976244
2002-02-18,23.53316837756755,5.994941230744875,-21.606332248250332,-17.901915338939062
2002-02-19,24.960540653103457,6.2411003191960095,-20.60016033602059,-17.562742653582774
2002-02-20,25.059277391505585,6.274904726273609,-20.730414291814377,-18.380128953967173
2002-02-21,25.773671299895042,4.639608156603808,-22.38982318296778,-17.710916003744227
2002-02-22,24.02655965681849,5.044835125237155,-24.003376573804623,-16.963962195973178
2002-02-23,25.721720752324586,5.241315668271167,-24.755664094693344,-16.74703471806928
2002-02-24,25.456493880784425,4.89487997944987,-26.08228536797263,-17.93668716018295
2002-02-25,26.06851606428075,3.5641247835551617,-27.367999367085595,-19.068113647457945
2002-02-26,25.440120139268302,3.729561533242097,-28.82032218036862,-18.94615021312617
2002-02-27,25.33586274851466,3.972280977291512,-28.809134379932797,-19.9638511357375
2002-02-28,24.12115779162567,3.8166971543453787,-27.852134651451852,-19.1283376116634
2002-03-01,25.47441908299593,3.6497962317191357,-27.253257400404355,-21.79162424446994
2002-03-02,26.14643733083243,3.5127211913539513,-26.777453803829385,-22.217910790427663
2002-03-03,26.345499249546393,3.3864311849275897,-27.620486877244097,-20.90695943400272
2002-03-04,26.395095257760413,3.3409443891517348,-27.16957227215942,-20.452699436343927
2002-03-05,24.895665301521333,3.8017412413155784,-27.030135755883173,-21.556759840089384
2002-03-06,23.806813232316895,4.128249282717602,-28.70861345385904,-21.161598233329403
2002-03-07,22.66983481272055,3.8555197882718826,-27.974727622485783,-19.13750955337727
2002-03-08,23.790257248472216,5.14478249192204,-27.84306292746226,-19.16085486793861
2002-03-09,24.387728418208717,4.8910077273953885,-26.81758259873867,-18.092814386322704
2002-03-10,25.132056420913205,2.872049126952046,-28.30265254118044,-19.894839019143305
2002-03-11,27.551189818551226,2.916477017328687,-26.788002466939833,-20.38967513067662
2002-03-12,27.619998289013484,2.001926836779887,-26.977409785935862,-19.091786332843153
2002-03-13,28.20575481788069,3.697886932505617,-26.699931451728876,-19.18829161474591
2002-03-14,28.98337474791471,4.8147761379135074,-28.05769746549229,-18.501764112608697
2002-03-15,28.98085067220702,4.154469336261037,-27.769695087223383,-18.853108681389447
2002-03-16,28.985462582524917,3.702597980422635,-30.669841460720757,-17.920418870070982
2002-03-17,29.699949194443356,3.545861782409408,-30.395202299214088,-18.748985405095453
2002-03-18,28.9714465153749,2.7651679335188595,-30.663611280637827,-16.85412308833509
2002-03-19,29.10662380776794,2.0594085779950713,-29.910101580682845,-16.597267734315945
2002-03-20,28.140855288554203,2.87855158760959,-29.559231920002915,-17.464921427141153
2002-03-21,27.26166908930412,2.8382964140758293,-29.533994499485505,-16.965668076701807
2002-03-22,26.584103731537258,3.967059230268425,-28.52630871413085,-18.20924117983999
2002-03-23,26.64882114499991,2.6005823950553046,-28.868219039756358,-17.488889813193623
2002-03-24,25.085070523610156,2.771830119845027,-27.891178992269666,-16.823904802710906
2002-03-25,23.295999680723646,3.8607305099350118,-28.619717857787844,-17.41341762175903
2002-03-26,23.208532953184204,3.984264871151884,-26.96135551354775,-18.44321251897479
2002-03-27,24.59228616048112,5.49537192883003,-26.571481341808532,-17.860370387892548
2002-03-28,23.284514860608873,6.0223802795507995,-27.530276790372476,-17.168114852431465
2002-03-29,24.25788130888431,6.362398078205332,-26.237585202473905,-17.605384250722818
2002-03-30,24.62254673476734,5.502248732739775,-24.712108231880027,-17.343147565505326
2002-03-31,24.75664111019792,3.9263552284313574,-25.681882706291844,-18.512919328141336
2002-04-01,23.562828203542946,2.83862050783999,-25.920855439807838,-17.798792246305382
2002-04-02,24.899446757637072,3.616609759278281,-26.82133556898822,-16.38525214062967
2002-04-03,25.91732191621436,2.7275208030168554,-28.031181290212235,-14.91344626344339
2002-04-04,26.305132355248613,1.6562010271296512,-27.89311246401154,-13.867322668173294
2002-04-05,25.063015508778072,2.7142079936764905,-29.424920369126855,-13.166666433878895
2002-04-06,25.60472618726613,2.9104983030325045,-27.99614220391134,-13.819809296028428
2002-04-07,27.581675192292213,1.3392310880641614,-28.017422657396633,-15.301860521490093
2002-04-08,27.581901757866177,-0.34805782254839523,-28.090857792606023,-16.129581507191702
2002-04-09,28.69192304075106,-0.4554906849065805,-27.62957357201925,-16.19943387557434
2002-04-10,28.27836743991057,-0.1650024889275457,-27.478608482802986,-16.59181906247942
2002-04-11,27.500960700230856,-0.45381969229337576,-26.26878384856564,-16.606164391167518
2002-04-12,26.23232266298237,-2.5650014308213502,-27.69936198047538,-15.790357478931575
2002-04-13,26.98614351995409,-3.261874512207889,-28.439348929784618,-16.160417855452135
2002-04-14,27.356179603857232,-3.6068773328326946,-27.929385678195622,-17.51721646591029
2002-04-15,27.775108451211956,-3.5282740277492506,-28.971902005148646,-18.221773916194664
2002-04-16,27.746708693308925,-3.5082576043210416,-28.44060234517234,-19.559546124715364
2002-04-17,28.362283406492384,-2.9248943396185765,-27.65403107540536,-18.26666583263252
2002-04-18,29.495231715070275,-2.986564547403176,-27.012122292692617,-18.39451279286711
2002-04-19,30.077925266029375,-3.602109957075886,-27.264620428799514,-17.65588682829795
2002-04-20,30.629717058013654,-1.6793818137243,-27.027942089434458,-19.140466284171552
2002-04-21,30.16658318622485,-3.1180463156474936,-26.168551673751494,-18.55154455896866
2002-04-22,29.70411656765148,-5.028168896615955,-25.64200610996662,-18.18228392993914
2002-04-23,29.65235085024098,-3.4904469881417395,-23.478952977587813,-16.281418292615378
2002-04-24,29.15038083033988,-3.789256649354047,-22.228564651312492,-16.833787126476988
2002-04-25,28.017872544031867,-3.047376293762239,-22.47448760348997,-17.32796253936204
2002-04-26,26.638771188492505,-2.5262160171781685,-22.677224687128724,-16.67995553337692
2002-04-27,24.379569928543525,-3.8178741819281425,-24.42617389807006,-16.993770534800458
2002-04-28,24.126724417175154,-2.6517311546202924,-24.406507139591337,-17.858019702416517
2002-04-29,24.150553548324325,-3.521049740352427,-25.06182558512637,-20.100131365307597
2002-04-30,24.928150437983152,-1.949035048190032,-25.90421796956131,-20.704031597755776
2002-05-01,23.076178281668927,-2.851982697028398,-26.08479730580092,-20.973971153992633
2002-05-02,21.968822042886895,-3.7660516950672243,-26.06994135034572,-21.326512251310163
2002-05-03,19.95906010479297,-4.407360564290398,-26.421491161535823,-20.78633349391581
2002-05-04,20.842257198957665,-3.7756131503995567,-25.350810854504534,-20.8333148477158
2002-05-05,21.934946077894317,-5.062554903488709,-25.142763244981456,-21.94069013350218
2002-05-06,22.0242726962073,-5.109106835790578,-25.619304054722782,-22.010944090782786
2002-05-07,21.404041069340106,-4.443143431087509,-24.530406858168163,-21.33173148566171
2002-05-08,19.350950119655742,-5.362294976174159,-25.49507913661549,-21.494542496008286
2002-05-09,19.49713940625155,-6.02922863242799,-25.182883008062372,-21.45046528494979
2002-05-10,19.372821700909892,-6.987305910318431,-25.814990314770263,-20.715362685734657
2002-05-11,18.720461129331486,-6.813499446308129,-26.732611994518543,-19.834689639698624
2002-05-12,18.200803501802124,-6.361658742978509,-26.400069159090293,-20.491300828793293
2002-05-13,15.927109887459533,-6.005924905565117,-26.902598206689298,-22.230621467240535
2002-05-14,16.70851686843248,-5.556798730982357,-27.408789902244962,-22.25491117429791
2002-05-15,14.296935856851327,-3.9815678307825655,-25.382699947257898,-22.592145403042696
2002-05-16,14.990273853184108,-4.795043386889329,-23.144549349742242,-22.514285848455753
2002-05-17,15.872252570725648,-5.959582132820398,-22.875700282224702,-22.789142087582995
2002-05-18,15.491308208876427,-6.443741471822827,-23.89656086680937,-24.5432698248497
2002-05-19,15.579528698891139,-6.450957484113653,-23.664455142563455,-23.52754272055539
2002-05-20,15.388856127402212,-6.187741787243883,-23.117481202507534,-23.875648607964703
2002-05-21,13.428740911150104,-5.955069825926362,-23.516079241534555,-25.114042798462208
2002-05-22,13.183456223139105,-4.177735713121273,-22.03352833750173,-24.956795660460422
2002-05-23,13.345660648441594,-4.044675030375201,-23.895516292301984,-23.838784518644072
2002-05-24,11.731156823763126,-3.2125371534599694,-24.697339962473578,-24.79824973345103
2002-05-25,10.96466563586224,-2.3370658195207317,-23.16865154291503,-24.32903711444778
2002-05-26,12.078106727531752,-1.496230341692318,-24.742730142936352,-24.35825559131655
2002-05-27,11.544386070718957,-0.623666802506549,-23.09328499490212,-24.11123084155951
2002-05-28,12.609049381718696,-1.178851624749144,-23.767089817075277,-23.417557812365448
2002-05-29,13.226068902305101,-0.9836754281631166,-24.430678689409024,-23.483351295667095
2002-05-30,12.299584078781807,-1.6253644964278515,-24.767021305348493,-24.317069201042994
2002-05-31,12.728794964723102,-0.31079464620039565,-24.673638876647917,-24.505317372887056
2002-06-01,12.890047234378716,-0.02624892636169618,-23.706615179674255,-23.256984152158015
2002-06-02,13.25758735843357,0.6914917209781917,-22.825620783343798,-22.342399712511654
2002-06-03,13.70079365439846,0.8801012916724258,-22.697819080737112,-22.57270415138026
2002-06-04,15.54814426579377,-0.09873293067481081,-23.93061826461925,-22.142545059630844
2002-06-05,16.653634683801737,0.5104887464783572,-23.01243870225621,-22.89213006537428
2002-06-06,17.02962626241263,-0.06753615544150582,-21.244150890871655,-24.134538582348974
2002-06-07,15.86234331579751,1.1001924558600837,-22.301613495790388,-23.061103709048563
2002-06-08,15.063699092067884,1.0623618075734826,-22.859501319680525,-23.00202160851417
2002-06-09,15.514686880255987,0.28991345553051084,-22.45393897819889,-20.842040726095487
2002-06-10,16.25427100405202,0.16883253741598547,-22.989134482390593,-20.78437801759974
2002-06-11,16.492046131050245,0.9514097187746081,-23.159212567888083,-21.399612543336836
2002-06-12,16.909758347917943,0.7657253099745038,-26.034609324747716,-21.28381580022401
2002-06-13,14.327408453356208,0.8230277394796212,-26.772412023658866,-20.85498771422374
2002-06-14,13.96153915457051,-0.08006489353519963,-27.61475630011305,-20.930056215491252
2002-06-15,14.712422059250262,-0.8809955581333886,-28.187789223563527,-20.675525965900015
2002-06-16,14.730712386070968,-2.5754843071991713,-26.640947358247768,-20.04093382944816
2002-06-17,14.32838643953687,-4.812680965848058,-27.03471485852257,-20.60573583924027
2002-06-18,12.519787091047526,-4.395734984397608,-25.509667814265402,-20.953828127357074
2002-06-19,14.132161754640952,-5.229463473883258,-25.168476469353877,-21.9025806402063
2002-06-20,12.935172726257452,-6.0992559012192595,-24.938072956023994,-23.0573128853231
2002-06-21,11.70018151017635,-7.594944609177784,-24.720285443810873,-22.01147924681344
2002-06-22,11.65629674515611,-5.892948297169836,-22.47905207643639,-22.377074507964373
2002-06-23,10.338195075325165,-6.547175428330121,-22.842422919038512,-21.94653640372458
2002-06-24,9.975009221560772,-5.466225942504153,-22.578626785252837,-22.786920708162782
2002-06-25,11.215884983081319,-5.953399304540524,-19.666514515828496,-22.755183380996083
2002-06-26,10.625627043183124,-5.924297814340925,-20.655668486328615,-23.916173200813585
2002-06-27,10.784294379338927,-6.951296434883289,-19.889648425482147,-22.841197483318304
2002-06-28,10.80214617702232,-6.661149999639184,-19.043022289080657,-22.560449634501023
2002-06-29,11.27297898577406,-7.953754042447176,-19.67274911802928,-22.513397862373463
2002-06-30,11.233298322674392,-7.946022752156286,-19.152558409135708,-23.604107036666583
2002-07-01,11.70372497909859,-7.060687540972003,-19.43587558458877,-23.223353363689338
2002-07-02,12.211391087937496,-8.160575905281386,-18.621676505143913,-22.121133598208697
2002-07-03,10.420361423572299,-8.385773469868361,-16.14998201219466,-23.677634483363647
2002-07-04,10.773469754239475,-11.15757674911298,-15.051399111800349,-23.450979397249224
2002-07-05,10.138417885164609,-9.524932098474794,-14.98701487824647,-22.85587648374446
2002-07-06,11.582390229422016,-9.252819785936023,-13.356130334764803,-21.8993967963346
2002-07-07,10.236196896688655,-9.241557266145366,-14.000423822708079,-22.172121454501244
2002-07-08,9.740194431194658,-8.755319225304573,-12.570240134222306,-22.496131938273518
2002-07-09,9.640071136635694,-9.321717991304252,-10.29091985397423,-22.430717268775766
2002-07-10,10.093217538393743,-8.823074118515665,-11.097788514787046,-23.0741167246483
2002-07-11,8.804208226058792,-9.044775055067479,-11.913484433601075,-20.445743288504097
2002-07-12,9.028394720428967,-9.467679453003647,-12.16505025709442,-20.606628925729805
2002-07-13,8.866931154707531,-9.070159014351887,-13.430665728497969,-19.11870047841911
2002-07-14,9.688525675548973,-8.709602530485865,-13.767720264917333,-19.430937344106805
2002-07-15,8.999121267491594,-8.635020555622683,-13.180629576611052,-20.70142720864018
2002-07-16,9.257249542427845,-7.614586850034363,-13.028456654270292,-21.649025558515902
2002-07-17,9.3147893860306,-7.785168772760001,-11.395013530194255,-22.46134126892897
2002-07-18,7.92652032157827,-9.106350937037625,-11.453542136859545,-22.173246903690746
2002-07-19,7.71348184075075,-10.116481852693394,-10.561512776963038,-22.709519537578387
2002-07-20,7.6705852084157,-9.027147388151985,-9.78422711747057,-23.042494182963555
2002-07-21,7.218071863937463,-9.258832840167637,-11.63425694641423,-23.42582638970218
2002-07-22,6.386124208315686,-7.881036997096432,-12.62337349005258,-21.71671215810611
2002-07-23,5.345575893685234,-9.262903758016739,-13.44521486767954,-20.53160883378023
2002-07-24,4.877057574007834,-7.5494615700588055,-15.7423890206239,-20.39113262202959
2002-07-25,4.217463126439533,-6.314376604590955,-13.6231656101291,-20.601884502568943
2002-07-26,4.205582595876492,-5.949299525046734,-13.152933299738374,-21.919872535529407
2002-07-27,4.33718176906418,-5.917109775730853,-12.05343213754656,-22.725448250452622
2002-07-28,3.9641414493589284,-4.20416820129886,-11.775267911911179,-23.518374189786623
2002-07-29,3.609732353075951,-4.670081810185293,-9.703620677978204,-22.032436775787158
2002-07-30,4.7508876242452684,-4.631917639588481,-7.675426728058717,-21.135142611038642
2002-07-31,4.573092812777244,-3.549338274555061,-7.951933173696414,-21.441381800626726
2002-08-01,5.495293302571025,-4.2366698566963805,-8.323576356412207,-22.47442309076576
2002-08-02,5.054102549839134,-4.216395113702352,-7.967388316455834,-23.675294185910943
2002-08-03,7.461013370256847,-3.7069842344435258,-6.13882396077849,-22.212863809440897
2002-08-04,7.080058467221068,-3.3563329411327407,-3.4245987870908894,-21.23744092621517
2002-08-05,7.5983960071371115,-2.6916851831053115,-3.134402239945003,-22.039786417145802
2002-08-06,9.021878926660339,-2.9666096507530435,-4.449641109268666,-21.96670269595108
2002-08-07,10.223116878627062,-2.652972156129496,-3.3071315426812395,-21.496535310465696
2002-08-08,10.44023290247651,-2.938184360424783,-2.7810854491182337,-21.44108726251821
2002-08-09,11.238282301850672,-4.623021800167704,-0.7767984043599636,-21.178690413636094
2002-08-10,10.879751406321624,-3.385165369181933,-1.0215164810891029,-20.795175408208728
2002-08-11,10.924565373143617,-1.7751416987564217,-0.4918421165880489,-20.19570556258081
2002-08-12,11.57540620767666,-2.5959913229465084,-0.11126090112407333,-19.249515058982208
2002-08-13,12.807388458910879,-1.5669976205827882,0.40942789196640944,-19.00172325786874
2002-08-14,12.986524369934203,-2.7622025872126716,0.961436874517481,-19.284610075130875
2002-08-15,12.07676601783957,-1.009364139448518,1.574110276827505,-20.207634340433614
2002-08-16,11.930484050295668,-1.4236328698009422,0.8526713528669928,-18.895245560502364
2002-08-17,12.398158307145785,-2.9530409904103663,1.9813356999985303,-18.12405864018556
2002-08-18,11.428379396894085,-1.7895965705575914,1.7373252076764798,-19.709331794562488
2002-08-19,11.813831417502886,-1.5996273904336797,2.5779515929066377,-22.675962633123287
2002-08-20,11.891001592654813,-1.7611291675077703,2.739507657101035,-23.514360678363943
2002-08-21,12.038081199991085,-2.4776978117909882,3.7956257910194733,-22.861794004737025
2002-08-22,11.551706597931803,-3.503143432144656,3.0628031363511212,-21.803417212754606
2002-08-23,10.483078676297719,-2.7989770871770006,3.3798910660025214,-22.047932130727315
2002-08-24,9.957690949894035,-2.155140428568757,4.633712378903336,-22.349285148988088
2002-08-25,7.50722839381581,-1.6953628224153627,4.742215305643788,-24.169505000593123
2002-08-26,7.781946760502042,-2.980040490432607,4.897904776290529,-22.755695405881458
2002-08-27,7.672623227157574,-3.449372878676447,2.588667827665,-22.32033909777523
2002-08-28,8.641724749256031,-3.0176857568361286,2.2111785136573383,-23.657515290458264
2002-08-29,6.570025253650913,-2.5629268034633093,3.3520230011492895,-23.34957127707348
2002-08-30,5.7758280886512425,-1.161590673304381,2.1108502752311162,-24.177560736489532
2002-08-31,6.394267891502373,-2.2617768930832907,1.9982165445132234,-24.342285208521385
2002-09-01,6.56876690217249,-1.004261889846352,1.9651760312778235,-24.311059788597056
2002-09-02,4.750952689877569,-1.1175599153062685,1.4984687474841785,-24.707340432880812
2002-09-03,5.048879242044152,-0.07332653105121478,0.30244040156542096,-25.06548745268346
2002-09-04,3.068480563314247,-0.19198222419566752,-0.5449873665544253,-25.514358818264416
2002-09-05,3.8265135846613343,-1.2406158629392954,0.31525614774659627,-25.861509097850938
2002-09-06,3.467877188583446,-1.1664828045200617,0.8363138349523616,-26.017934456707202
2002-09-07,3.2302067867600384,-1.4139744793016695,-0.15882066067731826,-26.58958139901482
2002-09-08,3.1046406690064288,-2.052913015108638,-0.9863279450816375,-26.86889301045191
2002-09-09,4.345968435540142,-1.2664415471083017,-1.789335016631813,-27.13103124582348
2002-09-10,3.1694714417125347,0.02330630100408082,-1.652981946939654,-26.30747752853837
2002-09-11,4.164566290766435,0.7336999578091524,-1.2289676393427351,-27.140552255411936
2002-09-12,2.9907048057256826,0.77932383885808,-1.1441408034410485,-28.27162340328691
2002-09-13,3.25769477845153,0.981252945702626,-1.339744208460362,-28.409584566847144
2002-09-14,2.729017102711416,1.6057761317091965,-0.47317927913506375,-28.35829661272846
2002-09-15,1.4940188334338267,1.1184759387212835,-1.6584251496002504,-28.966838328261314
2002-09-16,2.19729164383094,3.4108898516166146,0.8666930172623111,-27.46738730008798
2002-09-17,2.465019591622345,2.3741176260641526,0.530535931325993,-27.636249583249903
2002-09-18,2.4710436334460084,2.320641361938062,0.28916641228877693,-27.395317704499675
2002-09-19,2.057687936817495,2.084805078281671,2.8027425424215515,-25.69579870907541
2002-09-20,2.952389928970195,2.0451145357618827,3.882942873652245,-24.699953288114617
2002-09-21,2.4124240723495105,0.1052008829647828,6.216103165520123,-25.656525557338846
2002-09-22,2.101157532565398,0.8772894359576059,6.256199258791408,-25.404382857648475
2002-09-23,2.5930302819855444,0.057851654183272316,6.891554399911839,-25.37410408879055
2002-09-24,2.680171582217235,-0.49992667909371247,7.5917545686145145,-26.033269533770714
2002-09-25,2.5300170882677198,-0.9232863779244815,7.578391505331239,-27.8688594429394
2002-09-26,5.207997163161426,-0.27052881972061216,6.715937246049169,-28.29174293832553
